FrontFrameIndex,FrontTimeStamp,MediaFrameIndex,MediaTimeStamp,WallclockTimeStamp,GazeFrameIndex,GazeTimeStamp,HidEventData,Confidence,Gaze2dX,Gaze2dY,GazeClass,VergenceAngle,Blink,GazeRightConfidence,PupilDiaRight,EyeballCenterRightX,EyeballCenterRightY,EyeballCenterRightZ,PupilCenterRightX,PupilCenterRightY,PupilCenterRightZ,GazeRightX,GazeRightY,GazeRightZ,GazeRightReciprocalDistance,GazeRightAngularSpeed,EyeClosedRight,Pupil2dRightConfidence,Pupil2dRightX,Pupil2dRightY,Pupil2dRightA,Pupil2dRightB,Pupil2dRightO,GazeLeftConfidence,PupilDiaLeft,EyeballCenterLeftX,EyeballCenterLeftY,EyeballCenterLeftZ,PupilCenterLeftX,PupilCenterLeftY,PupilCenterLeftZ,GazeLeftX,GazeLeftY,GazeLeftZ,GazeLeftReciprocalDistance,GazeLeftAngularSpeed,EyeClosedLeft,Pupil2dLeftConfidence,Pupil2dLeftX,Pupil2dLeftY,Pupil2dLeftA,Pupil2dLeftB,Pupil2dLeftO,FrontIlluminanceTimeStamp,FrontIlluminance,OrientationTimeStamp,OrientationW,OrientationX,OrientationY,OrientationZ
6894,232.645192400,448,15.000221944,2024-10-15T16:28:39.782208+02:00,13873,232.615441840,NA,0.471,709.0585,477.8433,F,0.0818,0,0.517,2.8914,-31.1465,-9.6802,-32.5048,-30.0976,-8.5725,-22.9255,0.2424,0.1110,0.9638,0.0013,0.0924,0,0.798,-0.8059,2.7769,1.8622,1.3985,1.0894,0.425,3.0361,32.6557,-9.6287,-31.0540,34.9303,-8.7881,-21.6620,0.1622,0.0885,0.9828,0.0013,0.0428,0,0.475,5.9871,1.2722,1.8145,0.8406,1.7924,232.614024760,73,232.616457880,-0.60406,0.19179,0.77300,-0.02825
6894,232.645192400,448,15.000221944,2024-10-15T16:28:39.782208+02:00,13874,232.632008000,NA,0.465,711.2475,481.8879,F,0.0839,0,0.518,2.8918,-31.1468,-9.6808,-32.5032,-30.1025,-8.5762,-22.9231,0.2420,0.1107,0.9640,0.0013,0.0358,0,0.797,-0.8127,2.7701,1.8611,1.3985,1.0759,0.413,3.0916,32.6557,-9.6308,-31.0549,34.9062,-8.8332,-21.6533,0.1597,0.0841,0.9836,0.0013,0.3123,0,0.586,5.9901,1.2301,1.9544,0.8631,1.7885,232.624029600,73,232.626462720,-0.60426,0.19191,0.77281,-0.02823
6894,232.645192400,448,15.000221944,2024-10-15T16:28:39.782208+02:00,NA,NA,NA,NA,NA,NA,NA,NA,NA,NA,NA,NA,NA,NA,NA,NA,NA,NA,NA,NA,NA,NA,NA,NA,NA,NA,NA,NA,NA,NA,NA,NA,NA,NA,NA,NA,NA,NA,NA,NA,NA,NA,NA,NA,NA,NA,NA,NA,NA,232.634034440,73,232.635214200,-0.60438,0.19198,0.77270,-0.02828
6895,232.678518320,449,15.033546917,2024-10-15T16:28:39.815535+02:00,13875,232.648574160,NA,0.462,714.5887,478.8602,F,0.0863,0,0.512,2.8844,-31.1472,-9.6861,-32.5007,-30.1153,-8.5730,-22.9202,0.2407,0.1116,0.9642,0.0013,0.0937,0,0.900,-0.8339,2.7717,1.8753,1.3893,1.0390,0.411,3.0067,32.6586,-9.6364,-31.0550,34.8743,-8.8045,-21.6482,0.1560,0.0876,0.9839,0.0014,0.3057,0,0.475,5.9625,1.2727,1.8235,0.8434,1.8207,232.645805480,73,232.646985240,-0.60448,0.19204,0.77260,-0.02834
6895,232.678518320,449,15.033546917,2024-10-15T16:28:39.815535+02:00,13876,232.665140320,NA,0.464,710.1484,480.3612,F,0.0811,0,0.517,2.9160,-31.1477,-9.6892,-32.4975,-30.1071,-8.5792,-22.9175,0.2416,0.1112,0.9640,0.0013,0.0580,0,0.884,-0.8216,2.7653,1.8759,1.4097,1.0525,0.411,3.0525,32.6574,-9.6361,-31.0559,34.9307,-8.8300,-21.6606,0.1620,0.0850,0.9831,0.0013,0.3991,0,0.645,6.0035,1.2273,1.9420,0.8478,1.7713,232.655810520,73,232.658117920,-0.60454,0.19211,0.77254,-0.02839
6895,232.678518320,449,15.033546917,2024-10-15T16:28:39.815535+02:00,NA,NA,NA,NA,NA,NA,NA,NA,NA,NA,NA,NA,NA,NA,NA,NA,NA,NA,NA,NA,NA,NA,NA,NA,NA,NA,NA,NA,NA,NA,NA,NA,NA,NA,NA,NA,NA,NA,NA,NA,NA,NA,NA,NA,NA,NA,NA,NA,NA,232.665811720,73,232.668119160,-0.60454,0.19211,0.77254,-0.02839
6895,232.678518320,449,15.033546917,2024-10-15T16:28:39.815535+02:00,NA,NA,NA,NA,NA,NA,NA,NA,NA,NA,NA,NA,NA,NA,NA,NA,NA,NA,NA,NA,NA,NA,NA,NA,NA,NA,NA,NA,NA,NA,NA,NA,NA,NA,NA,NA,NA,NA,NA,NA,NA,NA,NA,NA,NA,NA,NA,NA,NA,232.675819000,73,232.678376880,-0.60449,0.19219,0.77256,-0.02844
6896,232.711844120,450,15.066874041,2024-10-15T16:28:39.848863+02:00,13877,232.681706480,NA,0.471,713.2895,480.6957,F,0.0883,0,0.518,2.9234,-31.1482,-9.6913,-32.4945,-30.1009,-8.5834,-22.9151,0.2423,0.1110,0.9638,0.0014,0.0434,0,0.851,-0.8161,2.7629,1.8772,1.4152,1.0601,0.425,3.1224,32.6577,-9.6374,-31.0562,34.8695,-8.8196,-21.6472,0.1556,0.0861,0.9841,0.0014,0.3985,0,0.611,5.9607,1.2580,1.9203,0.8775,1.7883,232.685814960,74,232.688122360,-0.60449,0.19219,0.77256,-0.02844
6896,232.711844120,450,15.066874041,2024-10-15T16:28:39.848863+02:00,13878,232.698272640,NA,0.459,708.8008,479.4556,F,0.0772,0,0.516,2.9121,-31.1482,-9.6912,-32.4945,-30.1137,-8.5992,-22.9119,0.2410,0.1095,0.9643,0.0012,0.1290,0,0.884,-0.8340,2.7426,1.8859,1.4066,1.0880,0.403,3.2369,32.6612,-9.6438,-31.0558,34.9659,-8.8161,-21.6700,0.1653,0.0872,0.9824,0.0012,0.5991,0,0.698,6.0002,1.2254,1.9205,0.8917,1.8228,232.695815080,74,232.698122480,-0.60449,0.19219,0.77256,-0.02844
6896,232.711844120,450,15.066874041,2024-10-15T16:28:39.848863+02:00,NA,NA,NA,NA,NA,NA,NA,NA,NA,NA,NA,NA,NA,NA,NA,NA,NA,NA,NA,NA,NA,NA,NA,NA,NA,NA,NA,NA,NA,NA,NA,NA,NA,NA,NA,NA,NA,NA,NA,NA,NA,NA,NA,NA,NA,NA,NA,NA,NA,232.705816280,74,232.707998480,-0.60449,0.19219,0.77256,-0.02850
6897,232.745169960,451,15.100198965,2024-10-15T16:28:39.882189+02:00,13879,232.714838800,NA,0.465,716.4810,481.2546,F,0.0886,0,0.520,2.9364,-31.1487,-9.6911,-32.4905,-30.1192,-8.5687,-22.9108,0.2405,0.1125,0.9641,0.0014,0.1930,0,0.867,-0.8323,2.7738,1.8604,1.4218,1.0750,0.411,3.0425,32.6606,-9.6451,-31.0569,34.8518,-8.8474,-21.6413,0.1535,0.0841,0.9846,0.0014,0.7536,0,0.634,5.9641,1.2348,1.9464,0.8599,1.7842,232.715816840,74,232.717999000,-0.60449,0.19219,0.77256,-0.02850
6898,232.778495840,452,15.133523683,2024-10-15T16:28:39.915516+02:00,NA,NA,NA,NA,NA,NA,NA,NA,NA,NA,NA,NA,NA,NA,NA,NA,NA,NA,NA,NA,NA,NA,NA,NA,NA,NA,NA,NA,NA,NA,NA,NA,NA,NA,NA,NA,NA,NA,NA,NA,NA,NA,NA,NA,NA,NA,NA,NA,NA,NA,NA,NA,NA,NA,NA,NA
6899,232.811821640,453,15.166847385,2024-10-15T16:28:39.948836+02:00,NA,NA,NA,NA,NA,NA,NA,NA,NA,NA,NA,NA,NA,NA,NA,NA,NA,NA,NA,NA,NA,NA,NA,NA,NA,NA,NA,NA,NA,NA,NA,NA,NA,NA,NA,NA,NA,NA,NA,NA,NA,NA,NA,NA,NA,NA,NA,NA,NA,NA,NA,NA,NA,NA,NA,NA
6900,232.845147480,454,15.200178451,2024-10-15T16:28:39.982165+02:00,13880,232.731405000,NA,0.470,714.3758,481.7177,F,0.0901,0,0.519,2.9417,-31.1494,-9.6933,-32.4867,-30.1021,-8.5830,-22.9075,0.2423,0.1112,0.9638,0.0014,0.1343,0,0.901,-0.8215,2.7636,1.8804,1.4255,1.0568,0.421,3.1103,32.6605,-9.6464,-31.0575,34.8556,-8.8400,-21.6436,0.1539,0.0850,0.9844,0.0014,0.0602,0,0.657,5.9579,1.2406,1.9455,0.8778,1.7866,232.725823040,74,232.728255720,-0.60448,0.19225,0.77255,-0.02849
6900,232.845147480,454,15.200178451,2024-10-15T16:28:39.982165+02:00,13881,232.747971160,NA,0.466,721.4804,477.9762,F,0.0927,0,0.519,2.9370,-31.1499,-9.6928,-32.4832,-30.1368,-8.5548,-22.9036,0.2388,0.1141,0.9643,0.0014,0.2744,0,0.900,-0.8576,2.7884,1.8642,1.4176,1.0792,0.412,3.0132,32.6595,-9.6471,-31.0585,34.7963,-8.8160,-21.6334,0.1478,0.0875,0.9851,0.0015,0.4006,0,0.497,5.9309,1.2912,1.9287,0.8589,1.7867,232.735827400,74,232.737007200,-0.60458,0.19230,0.77246,-0.02843
6900,232.845147480,454,15.200178451,2024-10-15T16:28:39.982165+02:00,13882,232.764537320,NA,0.467,717.3745,477.7441,F,0.0910,0,0.517,2.9269,-31.1504,-9.6949,-32.4802,-30.1190,-8.5663,-22.9014,0.2407,0.1131,0.9640,0.0014,0.1286,0,0.867,-0.8467,2.7823,1.8774,1.4131,1.0585,0.417,3.1104,32.6595,-9.6487,-31.0594,34.8306,-8.8092,-21.6428,0.1514,0.0884,0.9845,0.0014,0.2268,0,0.661,5.9421,1.2858,1.9609,0.8800,1.7933,232.745843040,74,232.747022840,-0.60470,0.19237,0.77235,-0.02842
6900,232.845147480,454,15.200178451,2024-10-15T16:28:39.982165+02:00,13883,232.781103480,NA,0.461,722.3651,477.3978,F,0.0952,0,0.515,2.9277,-31.1508,-9.6971,-32.4785,-30.1341,-8.5621,-22.8989,0.2392,0.1138,0.9643,0.0015,0.1002,0,0.837,-0.8673,2.7855,1.8925,1.4083,1.0623,0.406,3.0948,32.6592,-9.6510,-31.0607,34.7754,-8.8049,-21.6323,0.1456,0.0891,0.9853,0.0015,0.3519,0,0.536,5.9165,1.3110,1.9962,0.8850,1.7995,232.755848080,74,232.757905040,-0.60493,0.19231,0.77219,-0.02843
6900,232.845147480,454,15.200178451,2024-10-15T16:28:39.982165+02:00,13884,232.797669640,NA,0.461,766.3484,453.7291,F,0.1046,0,0.504,2.9287,-31.1513,-9.7007,-32.4771,-30.3699,-8.3964,-22.8970,0.2155,0.1312,0.9677,0.0016,1.8038,0,0.654,-1.1112,2.9161,1.8934,1.3566,1.0547,0.417,3.0858,32.6549,-9.6478,-31.0606,34.4500,-8.6555,-21.5799,0.1121,0.1041,0.9882,0.0017,2.2198,0,0.553,5.7155,1.6021,1.9615,0.9292,1.7901,232.765851160,74,232.768033360,-0.60522,0.19220,0.77198,-0.02850
6900,232.845147480,454,15.200178451,2024-10-15T16:28:39.982165+02:00,13885,232.814235800,NA,0.464,771.5329,455.8207,P,0.1197,0,0.498,2.8732,-31.1506,-9.6976,-32.4826,-30.3435,-8.4001,-22.9037,0.2181,0.1304,0.9672,0.0019,0.1655,0,0.639,-1.0873,2.9270,1.8910,1.3300,1.1097,0.430,3.1337,32.6592,-9.6516,-31.0614,34.3360,-8.6529,-21.5598,0.0998,0.1046,0.9895,0.0019,0.7486,0,0.485,5.6337,1.6382,1.9144,0.9671,1.8602,232.775863440,74,232.778296080,-0.60549,0.19209,0.77180,-0.02864
6900,232.845147480,454,15.200178451,2024-10-15T16:28:39.982165+02:00,13886,232.830801960,NA,0.466,769.0553,451.7472,F,0.1100,0,0.502,2.9179,-31.1506,-9.6983,-32.4844,-30.3661,-8.4051,-22.9031,0.2158,0.1301,0.9677,0.0017,0.1441,0,0.776,-1.1047,2.9082,1.9024,1.3505,1.0813,0.430,3.2150,32.6632,-9.6549,-31.0620,34.4106,-8.6184,-21.5771,0.1071,0.1086,0.9883,0.0017,0.5087,0,0.594,5.6705,1.6526,1.9457,0.9763,1.8574,232.785863200,74,232.787042960,-0.60577,0.19199,0.77159,-0.02884
6900,232.845147480,454,15.200178451,2024-10-15T16:28:39.982165+02:00,NA,NA,NA,NA,NA,NA,NA,NA,NA,NA,NA,NA,NA,NA,NA,NA,NA,NA,NA,NA,NA,NA,NA,NA,NA,NA,NA,NA,NA,NA,NA,NA,NA,NA,NA,NA,NA,NA,NA,NA,NA,NA,NA,NA,NA,NA,NA,NA,NA,232.795867120,74,232.797046920,-0.60600,0.19185,0.77143,-0.02916
6900,232.845147480,454,15.200178451,2024-10-15T16:28:39.982165+02:00,NA,NA,NA,NA,NA,NA,NA,NA,NA,NA,NA,NA,NA,NA,NA,NA,NA,NA,NA,NA,NA,NA,NA,NA,NA,NA,NA,NA,NA,NA,NA,NA,NA,NA,NA,NA,NA,NA,NA,NA,NA,NA,NA,NA,NA,NA,NA,NA,NA,232.805872160,74,232.807929120,-0.60623,0.19165,0.77129,-0.02950
6900,232.845147480,454,15.200178451,2024-10-15T16:28:39.982165+02:00,NA,NA,NA,NA,NA,NA,NA,NA,NA,NA,NA,NA,NA,NA,NA,NA,NA,NA,NA,NA,NA,NA,NA,NA,NA,NA,NA,NA,NA,NA,NA,NA,NA,NA,NA,NA,NA,NA,NA,NA,NA,NA,NA,NA,NA,NA,NA,NA,NA,232.816200040,74,232.818006480,-0.60629,0.19145,0.77128,-0.02989
6900,232.845147480,454,15.200178451,2024-10-15T16:28:39.982165+02:00,NA,NA,NA,NA,NA,NA,NA,NA,NA,NA,NA,NA,NA,NA,NA,NA,NA,NA,NA,NA,NA,NA,NA,NA,NA,NA,NA,NA,NA,NA,NA,NA,NA,NA,NA,NA,NA,NA,NA,NA,NA,NA,NA,NA,NA,NA,NA,NA,NA,232.826204960,74,232.828261920,-0.60629,0.19118,0.77133,-0.03017
6900,232.845147480,454,15.200178451,2024-10-15T16:28:39.982165+02:00,NA,NA,NA,NA,NA,NA,NA,NA,NA,NA,NA,NA,NA,NA,NA,NA,NA,NA,NA,NA,NA,NA,NA,NA,NA,NA,NA,NA,NA,NA,NA,NA,NA,NA,NA,NA,NA,NA,NA,NA,NA,NA,NA,NA,NA,NA,NA,NA,NA,232.836208040,74,232.837638320,-0.60618,0.19096,0.77146,-0.03039
6901,232.878473400,455,15.233503462,2024-10-15T16:28:40.015490+02:00,13887,232.847368120,NA,0.468,771.2525,447.8560,F,0.1107,0,0.503,2.9352,-31.1507,-9.6996,-32.4853,-30.3777,-8.3870,-22.9056,0.2146,0.1320,0.9677,0.0017,0.1403,0,0.731,-1.1127,2.9252,1.9060,1.3561,1.0746,0.433,3.2177,32.6658,-9.6571,-31.0625,34.3951,-8.5908,-21.5776,0.1052,0.1116,0.9882,0.0018,0.2169,0,0.517,5.6608,1.6923,1.9666,0.9774,1.8512,232.846210840,74,232.847641120,-0.60596,0.19080,0.77167,-0.03053
6901,232.878473400,455,15.233503462,2024-10-15T16:28:40.015490+02:00,13888,232.863934280,NA,0.467,764.4543,449.2889,F,0.1048,0,0.505,2.9310,-31.1511,-9.7022,-32.4845,-30.3592,-8.3957,-22.9055,0.2165,0.1314,0.9674,0.0016,0.1237,0,0.797,-1.0929,2.9191,1.8948,1.3590,1.0608,0.428,3.0188,32.6667,-9.6589,-31.0634,34.4712,-8.6145,-21.5901,0.1131,0.1095,0.9875,0.0017,0.4931,0,0.611,5.7192,1.6414,1.8902,0.9038,1.8375,232.856214040,74,232.858020480,-0.60565,0.19069,0.77194,-0.03061
6901,232.878473400,455,15.233503462,2024-10-15T16:28:40.015490+02:00,NA,NA,NA,NA,NA,NA,NA,NA,NA,NA,NA,NA,NA,NA,NA,NA,NA,NA,NA,NA,NA,NA,NA,NA,NA,NA,NA,NA,NA,NA,NA,NA,NA,NA,NA,NA,NA,NA,NA,NA,NA,NA,NA,NA,NA,NA,NA,NA,NA,232.866218960,74,232.868025440,-0.60529,0.19061,0.77224,-0.03056
6901,232.878473400,455,15.233503462,2024-10-15T16:28:40.015490+02:00,NA,NA,NA,NA,NA,NA,NA,NA,NA,NA,NA,NA,NA,NA,NA,NA,NA,NA,NA,NA,NA,NA,NA,NA,NA,NA,NA,NA,NA,NA,NA,NA,NA,NA,NA,NA,NA,NA,NA,NA,NA,NA,NA,NA,NA,NA,NA,NA,NA,232.876229960,74,232.878286880,-0.60491,0.19055,0.77255,-0.03056
6902,232.911799200,456,15.266827391,2024-10-15T16:28:40.048818+02:00,13889,232.880500440,NA,0.460,764.9188,455.2951,F,0.1085,0,0.499,2.9012,-31.1502,-9.6986,-32.4894,-30.3455,-8.3991,-22.9106,0.2178,0.1306,0.9672,0.0017,0.0908,0,0.763,-1.0804,2.9248,1.9017,1.3436,1.1140,0.421,3.0741,32.6661,-9.6603,-31.0646,34.4472,-8.6761,-21.5805,0.1107,0.1033,0.9885,0.0017,0.4082,0,0.548,5.7146,1.5783,1.9700,0.9282,1.8251,232.886226760,74,232.887657000,-0.60452,0.19061,0.77285,-0.03050
6902,232.911799200,456,15.266827391,2024-10-15T16:28:40.048818+02:00,13890,232.897066640,NA,0.439,764.5891,451.9024,F,0.1018,0,0.508,2.9469,-31.1505,-9.6996,-32.4878,-30.3695,-8.3841,-22.9092,0.2154,0.1323,0.9675,0.0016,0.1783,0,0.814,-1.0955,2.9269,1.8871,1.3666,1.0711,0.370,2.8850,32.6649,-9.6631,-31.0673,34.4864,-8.6640,-21.5924,0.1149,0.1048,0.9878,0.0016,0.2737,0,0.630,5.7536,1.5833,1.9686,0.8632,1.8314,232.896229920,74,232.897660200,-0.60419,0.19066,0.77310,-0.03043
6902,232.911799200,456,15.266827391,2024-10-15T16:28:40.048818+02:00,NA,NA,NA,NA,NA,NA,NA,NA,NA,NA,NA,NA,NA,NA,NA,NA,NA,NA,NA,NA,NA,NA,NA,NA,NA,NA,NA,NA,NA,NA,NA,NA,NA,NA,NA,NA,NA,NA,NA,NA,NA,NA,NA,NA,NA,NA,NA,NA,NA,232.906232000,74,232.908038480,-0.60397,0.19077,0.77325,-0.03029
6903,232.945125080,457,15.300152251,2024-10-15T16:28:40.082143+02:00,13891,232.913632800,NA,0.462,764.4676,454.3074,F,0.1016,0,0.504,2.9422,-31.1505,-9.7004,-32.4888,-30.3691,-8.4005,-22.9081,0.2155,0.1307,0.9677,0.0016,0.0977,0,0.797,-1.1008,2.9104,1.9098,1.3619,1.0791,0.420,3.1016,32.6662,-9.6662,-31.0687,34.4904,-8.6816,-21.5928,0.1151,0.1033,0.9880,0.0016,0.0916,0,0.644,5.7333,1.5548,1.9714,0.9293,1.8383,232.916239120,74,232.917920360,-0.60378,0.19092,0.77337,-0.03008
6903,232.945125080,457,15.300152251,2024-10-15T16:28:40.082143+02:00,13892,232.930198960,NA,0.464,764.8046,455.0392,F,0.1055,0,0.500,2.9131,-31.1503,-9.7008,-32.4916,-30.3563,-8.4128,-22.9104,0.2167,0.1295,0.9676,0.0016,0.1082,0,0.747,-1.0904,2.9017,1.9090,1.3487,1.0849,0.427,3.1116,32.6662,-9.6676,-31.0696,34.4657,-8.6737,-21.5899,0.1126,0.1042,0.9882,0.0017,0.1656,0,0.668,5.7148,1.5729,1.9646,0.9363,1.8269,232.926240920,74,232.928172640,-0.60367,0.19113,0.77341,-0.02981
6903,232.945125080,457,15.300152251,2024-10-15T16:28:40.082143+02:00,NA,NA,NA,NA,NA,NA,NA,NA,NA,NA,NA,NA,NA,NA,NA,NA,NA,NA,NA,NA,NA,NA,NA,NA,NA,NA,NA,NA,NA,NA,NA,NA,NA,NA,NA,NA,NA,NA,NA,NA,NA,NA,NA,NA,NA,NA,NA,NA,NA,232.936249000,74,232.937679280,-0.60361,0.19134,0.77341,-0.02948
6904,232.978450920,458,15.333484226,2024-10-15T16:28:40.115482+02:00,13893,232.946765120,NA,0.469,765.7899,456.1306,F,0.1025,0,0.505,2.9195,-31.1506,-9.7030,-32.4913,-30.3733,-8.4187,-22.9081,0.2151,0.1291,0.9680,0.0016,0.1073,0,0.762,-1.1034,2.8849,1.8892,1.3533,1.0691,0.433,3.1335,32.6663,-9.6683,-31.0700,34.4777,-8.6888,-21.5911,0.1138,0.1028,0.9882,0.0016,0.1164,0,0.627,5.7174,1.5497,1.9453,0.9426,1.8211,232.949507680,74,232.950687440,-0.60378,0.19173,0.77322,-0.02869
6904,232.978450920,458,15.333484226,2024-10-15T16:28:40.115482+02:00,13894,232.963331280,NA,0.458,767.0677,460.3298,F,0.0987,0,0.508,2.9492,-31.1510,-9.7051,-32.4891,-30.3946,-8.4388,-22.9019,0.2129,0.1273,0.9687,0.0015,0.1734,0,0.830,-1.1226,2.8505,1.8879,1.3690,1.0711,0.409,3.0327,32.6649,-9.6694,-31.0716,34.4919,-8.7298,-21.5916,0.1154,0.0987,0.9884,0.0016,0.2665,0,0.617,5.7440,1.4999,1.9813,0.9108,1.8144,232.959512720,74,232.960692480,-0.60390,0.19193,0.77309,-0.02829
6904,232.978450920,458,15.333484226,2024-10-15T16:28:40.115482+02:00,NA,NA,NA,NA,NA,NA,NA,NA,NA,NA,NA,NA,NA,NA,NA,NA,NA,NA,NA,NA,NA,NA,NA,NA,NA,NA,NA,NA,NA,NA,NA,NA,NA,NA,NA,NA,NA,NA,NA,NA,NA,NA,NA,NA,NA,NA,NA,NA,NA,232.969517760,74,232.970697520,-0.60404,0.19203,0.77297,-0.02778
6905,233.011776800,459,15.366810356,2024-10-15T16:28:40.148801+02:00,13895,232.979897480,NA,0.470,771.5194,459.1115,F,0.0996,0,0.510,2.9577,-31.1513,-9.7055,-32.4863,-30.4187,-8.4485,-22.8960,0.2105,0.1265,0.9694,0.0015,0.1603,0,0.828,-1.1460,2.8297,1.8763,1.3729,1.0864,0.430,3.1380,32.6648,-9.6704,-31.0722,34.4598,-8.7046,-21.5888,0.1121,0.1013,0.9885,0.0016,0.2584,0,0.708,5.7088,1.5375,1.9695,0.9476,1.8216,232.979522400,74,232.980702200,-0.60422,0.19204,0.77285,-0.02735
6905,233.011776800,459,15.366810356,2024-10-15T16:28:40.148801+02:00,13896,232.996463640,NA,0.472,772.4842,464.8362,F,0.1020,0,0.511,2.9687,-31.1513,-9.7030,-32.4843,-30.4140,-8.4636,-22.8921,0.2110,0.1247,0.9695,0.0016,0.1138,0,0.847,-1.1409,2.8132,1.8749,1.3819,1.1139,0.432,3.1524,32.6642,-9.6705,-31.0727,34.4407,-8.7536,-21.5809,0.1102,0.0962,0.9892,0.0016,0.3296,0,0.535,5.6995,1.4857,1.9708,0.9594,1.8102,232.989527440,73,232.990707240,-0.60440,0.19205,0.77272,-0.02686
6905,233.011776800,459,15.366810356,2024-10-15T16:28:40.148801+02:00,NA,NA,NA,NA,NA,NA,NA,NA,NA,NA,NA,NA,NA,NA,NA,NA,NA,NA,NA,NA,NA,NA,NA,NA,NA,NA,NA,NA,NA,NA,NA,NA,NA,NA,NA,NA,NA,NA,NA,NA,NA,NA,NA,NA,NA,NA,NA,NA,NA,232.999532480,73,233.000712280,-0.60456,0.19204,0.77262,-0.02637
6905,233.011776800,459,15.366810356,2024-10-15T16:28:40.148801+02:00,NA,NA,NA,NA,NA,NA,NA,NA,NA,NA,NA,NA,NA,NA,NA,NA,NA,NA,NA,NA,NA,NA,NA,NA,NA,NA,NA,NA,NA,NA,NA,NA,NA,NA,NA,NA,NA,NA,NA,NA,NA,NA,NA,NA,NA,NA,NA,NA,NA,233.009542480,73,233.010722240,-0.60467,0.19204,0.77254,-0.02594
6906,233.045102600,460,15.400137188,2024-10-15T16:28:40.182126+02:00,13897,233.013029800,NA,0.468,769.6989,465.4778,F,0.1003,0,0.505,2.9605,-31.1510,-9.7014,-32.4858,-30.4035,-8.4814,-22.8919,0.2121,0.1227,0.9695,0.0016,0.1372,0,0.814,-1.1404,2.7998,1.9147,1.3742,1.1128,0.430,3.1787,32.6651,-9.6727,-31.0733,34.4687,-8.7478,-21.5875,0.1130,0.0970,0.9888,0.0016,0.1800,0,0.497,5.7141,1.4819,1.9837,0.9618,1.8258,233.019541080,73,233.020720880,-0.60478,0.19205,0.77246,-0.02557
6906,233.045102600,460,15.400137188,2024-10-15T16:28:40.182126+02:00,13898,233.029595960,NA,0.464,772.6746,466.0477,F,0.1001,0,0.511,2.9952,-31.1512,-9.7005,-32.4832,-30.4220,-8.4747,-22.8887,0.2102,0.1233,0.9699,0.0016,0.1197,0,0.814,-1.1509,2.7960,1.8942,1.3939,1.1023,0.417,2.9793,32.6661,-9.6764,-31.0748,34.4529,-8.7641,-21.5845,0.1112,0.0958,0.9892,0.0016,0.1333,0,0.611,5.7170,1.4706,1.9107,0.9040,1.8345,233.029546120,73,233.030725920,-0.60489,0.19208,0.77238,-0.02532
6906,233.045102600,460,15.400137188,2024-10-15T16:28:40.182126+02:00,NA,NA,NA,NA,NA,NA,NA,NA,NA,NA,NA,NA,NA,NA,NA,NA,NA,NA,NA,NA,NA,NA,NA,NA,NA,NA,NA,NA,NA,NA,NA,NA,NA,NA,NA,NA,NA,NA,NA,NA,NA,NA,NA,NA,NA,NA,NA,NA,NA,233.039551160,73,233.040730960,-0.60495,0.19218,0.77232,-0.02512
6907,233.078428520,461,15.433470760,2024-10-15T16:28:40.215464+02:00,13899,233.046162120,NA,0.462,770.4318,467.4147,F,0.0997,0,0.512,3.0072,-31.1516,-9.6999,-32.4791,-30.4102,-8.4862,-22.8839,0.2114,0.1220,0.9697,0.0015,0.1068,0,0.768,-1.1392,2.7841,1.8869,1.4051,1.0966,0.412,2.9958,32.6664,-9.6798,-31.0764,34.4695,-8.7734,-21.5887,0.1129,0.0952,0.9890,0.0016,0.1091,0,0.644,5.7279,1.4546,1.9397,0.9064,1.8285,233.049555440,73,233.050735240,-0.60501,0.19222,0.77226,-0.02493
6907,233.078428520,461,15.433470760,2024-10-15T16:28:40.215464+02:00,13900,233.062728320,NA,0.470,772.4780,463.9987,F,0.0960,0,0.509,2.9575,-31.1514,-9.6965,-32.4784,-30.4372,-8.4752,-22.8821,0.2087,0.1229,0.9702,0.0015,0.1762,0,0.845,-1.1738,2.7942,1.8770,1.3732,1.1281,0.431,3.1304,32.6679,-9.6824,-31.0769,34.4797,-8.7474,-21.5936,0.1138,0.0981,0.9886,0.0015,0.1880,0,0.587,5.7153,1.4783,1.9375,0.9455,1.8306,233.059560480,73,233.060740280,-0.60504,0.19237,0.77221,-0.02478
6907,233.078428520,461,15.433470760,2024-10-15T16:28:40.215464+02:00,NA,NA,NA,NA,NA,NA,NA,NA,NA,NA,NA,NA,NA,NA,NA,NA,NA,NA,NA,NA,NA,NA,NA,NA,NA,NA,NA,NA,NA,NA,NA,NA,NA,NA,NA,NA,NA,NA,NA,NA,NA,NA,NA,NA,NA,NA,NA,NA,NA,233.069565520,73,233.070745320,-0.60498,0.19249,0.77223,-0.02471
6908,233.111754360,462,15.466802610,2024-10-15T16:28:40.248793+02:00,13901,233.079294480,NA,0.468,777.8910,469.1727,F,0.1038,0,0.509,2.9576,-31.1511,-9.6921,-32.4781,-30.4387,-8.4905,-22.8792,0.2085,0.1209,0.9705,0.0016,0.1237,0,0.815,-1.1765,2.7749,1.8763,1.3749,1.1389,0.426,3.1082,32.6672,-9.6834,-31.0779,34.4021,-8.7787,-21.5773,0.1058,0.0949,0.9898,0.0016,0.5257,0,0.485,5.6793,1.4708,1.9816,0.9535,1.8157,233.079570160,73,233.080749960,-0.60498,0.19254,0.77222,-0.02464
6908,233.111754360,462,15.466802610,2024-10-15T16:28:40.248793+02:00,13902,233.095860640,NA,0.468,773.6102,464.5531,F,0.0961,0,0.511,2.9806,-31.1515,-9.6918,-32.4747,-30.4437,-8.4879,-22.8757,0.2080,0.1211,0.9706,0.0015,0.0321,0,0.865,-1.1818,2.7733,1.8787,1.3866,1.1006,0.424,3.1184,32.6655,-9.6827,-31.0787,34.4702,-8.7372,-21.5950,0.1131,0.0992,0.9886,0.0015,0.5142,0,0.691,5.7145,1.4968,1.9826,0.9412,1.8044,233.089575200,75,233.090755000,-0.60498,0.19254,0.77222,-0.02464
6908,233.111754360,462,15.466802610,2024-10-15T16:28:40.248793+02:00,NA,NA,NA,NA,NA,NA,NA,NA,NA,NA,NA,NA,NA,NA,NA,NA,NA,NA,NA,NA,NA,NA,NA,NA,NA,NA,NA,NA,NA,NA,NA,NA,NA,NA,NA,NA,NA,NA,NA,NA,NA,NA,NA,NA,NA,NA,NA,NA,NA,233.099580240,75,233.100760040,-0.60498,0.19254,0.77222,-0.02464
6909,233.145080200,463,15.500126360,2024-10-15T16:28:40.282117+02:00,13903,233.112426800,NA,0.468,771.8959,463.9873,F,0.0969,0,0.510,2.9883,-31.1515,-9.6909,-32.4733,-30.4303,-8.4821,-22.8759,0.2094,0.1216,0.9702,0.0015,0.0895,0,0.851,-1.1730,2.7881,1.9029,1.3887,1.1078,0.425,3.1050,32.6654,-9.6843,-31.0796,34.4753,-8.7352,-21.5973,0.1136,0.0995,0.9885,0.0015,0.0398,0,0.613,5.7158,1.4962,1.9673,0.9361,1.8221,233.112734000,75,233.115167120,-0.60505,0.19254,0.77217,-0.02458
6909,233.145080200,463,15.500126360,2024-10-15T16:28:40.282117+02:00,13904,233.128992960,NA,0.468,769.8213,462.8644,F,0.0957,0,0.508,3.0183,-31.1525,-9.6948,-32.4687,-30.4235,-8.4825,-22.8724,0.2102,0.1220,0.9700,0.0015,0.0539,0,0.820,-1.1683,2.7874,1.9159,1.4047,1.0601,0.428,3.0425,32.6667,-9.6871,-31.0804,34.4957,-8.7300,-21.6026,0.1156,0.1004,0.9882,0.0015,0.1320,0,0.538,5.7237,1.4942,1.8979,0.9140,1.8329,233.120329400,75,233.121759640,-0.60511,0.19254,0.77212,-0.02458
6909,233.145080200,463,15.500126360,2024-10-15T16:28:40.282117+02:00,NA,NA,NA,NA,NA,NA,NA,NA,NA,NA,NA,NA,NA,NA,NA,NA,NA,NA,NA,NA,NA,NA,NA,NA,NA,NA,NA,NA,NA,NA,NA,NA,NA,NA,NA,NA,NA,NA,NA,NA,NA,NA,NA,NA,NA,NA,NA,NA,NA,233.130332560,75,233.131512360,-0.60517,0.19260,0.77206,-0.02457
6909,233.145080200,463,15.500126360,2024-10-15T16:28:40.282117+02:00,NA,NA,NA,NA,NA,NA,NA,NA,NA,NA,NA,NA,NA,NA,NA,NA,NA,NA,NA,NA,NA,NA,NA,NA,NA,NA,NA,NA,NA,NA,NA,NA,NA,NA,NA,NA,NA,NA,NA,NA,NA,NA,NA,NA,NA,NA,NA,NA,NA,233.140337600,75,233.141517400,-0.60527,0.19261,0.77197,-0.02463
6910,233.178406040,464,15.533452028,2024-10-15T16:28:40.315444+02:00,13905,233.145559120,NA,0.471,771.6846,464.9735,F,0.0985,0,0.510,2.9750,-31.1530,-9.6955,-32.4660,-30.4243,-8.4916,-22.8686,0.2101,0.1211,0.9701,0.0015,0.0530,0,0.784,-1.1729,2.7792,1.8902,1.3851,1.0919,0.432,3.1836,32.6655,-9.6860,-31.0806,34.4677,-8.7416,-21.5964,0.1128,0.0990,0.9887,0.0016,0.1885,0,0.588,5.7039,1.4906,1.9833,0.9626,1.8033,233.150345040,75,233.151775320,-0.60539,0.19256,0.77189,-0.02470
6910,233.178406040,464,15.533452028,2024-10-15T16:28:40.315444+02:00,13906,233.162125280,NA,0.468,773.3051,464.2171,F,0.1031,0,0.511,3.0016,-31.1538,-9.6975,-32.4613,-30.4178,-8.4786,-22.8664,0.2109,0.1226,0.9698,0.0016,0.1049,0,0.819,-1.1655,2.7956,1.8926,1.3997,1.0733,0.426,3.1342,32.6643,-9.6860,-31.0814,34.4298,-8.7390,-21.5906,0.1090,0.0993,0.9891,0.0016,0.2327,0,0.604,5.6872,1.5079,1.9920,0.9532,1.8120,233.160348240,75,233.162279440,-0.60549,0.19256,0.77181,-0.02476
6910,233.178406040,464,15.533452028,2024-10-15T16:28:40.315444+02:00,NA,NA,NA,NA,NA,NA,NA,NA,NA,NA,NA,NA,NA,NA,NA,NA,NA,NA,NA,NA,NA,NA,NA,NA,NA,NA,NA,NA,NA,NA,NA,NA,NA,NA,NA,NA,NA,NA,NA,NA,NA,NA,NA,NA,NA,NA,NA,NA,NA,233.170355840,75,233.172538000,-0.60560,0.19252,0.77173,-0.02489
6911,233.211731880,465,15.566775964,2024-10-15T16:28:40.348766+02:00,13907,233.178691480,NA,0.464,773.4271,464.7913,F,0.1040,0,0.511,3.0092,-31.1544,-9.6978,-32.4581,-30.4153,-8.4717,-22.8644,0.2112,0.1233,0.9696,0.0016,0.0492,0,0.755,-1.1662,2.8077,1.9038,1.4019,1.0896,0.417,3.1300,32.6623,-9.6857,-31.0827,34.4218,-8.7514,-21.5895,0.1084,0.0980,0.9893,0.0016,0.0883,0,0.665,5.6871,1.4969,2.0250,0.9533,1.8074,233.180356320,75,233.181536120,-0.60567,0.19253,0.77167,-0.02495
6911,233.211731880,465,15.566775964,2024-10-15T16:28:40.348766+02:00,13908,233.195257640,NA,0.465,774.6432,463.7649,F,0.1015,0,0.512,3.0110,-31.1548,-9.6970,-32.4542,-30.4332,-8.4892,-22.8568,0.2094,0.1215,0.9702,0.0016,0.1585,0,0.772,-1.1852,2.7796,1.8897,1.4043,1.1015,0.418,3.1035,32.6625,-9.6884,-31.0841,34.4297,-8.7276,-21.5950,0.1092,0.1007,0.9889,0.0016,0.1730,0,0.596,5.6875,1.5208,1.9960,0.9422,1.8326,233.190361360,75,233.192543560,-0.60572,0.19246,0.77165,-0.02496
6911,233.211731880,465,15.566775964,2024-10-15T16:28:40.348766+02:00,NA,NA,NA,NA,NA,NA,NA,NA,NA,NA,NA,NA,NA,NA,NA,NA,NA,NA,NA,NA,NA,NA,NA,NA,NA,NA,NA,NA,NA,NA,NA,NA,NA,NA,NA,NA,NA,NA,NA,NA,NA,NA,NA,NA,NA,NA,NA,NA,NA,233.200367600,75,233.202174040,-0.60578,0.19247,0.77160,-0.02496
6912,233.245057760,466,15.600100477,2024-10-15T16:28:40.382090+02:00,13909,233.211823800,NA,0.470,767.4226,463.8095,F,0.0984,0,0.509,2.9972,-31.1553,-9.6986,-32.4522,-30.4017,-8.5045,-22.8555,0.2127,0.1201,0.9697,0.0015,0.2166,0,0.820,-1.1644,2.7755,1.9183,1.3983,1.0847,0.431,3.2181,32.6608,-9.6858,-31.0838,34.4892,-8.7182,-21.6070,0.1156,0.1014,0.9881,0.0016,0.3905,0,0.571,5.7059,1.5094,1.9766,0.9673,1.7943,233.212401880,75,233.214960240,-0.60582,0.19246,0.77157,-0.02496
6912,233.245057760,466,15.600100477,2024-10-15T16:28:40.382090+02:00,13910,233.228389960,NA,0.473,771.7672,465.4312,F,0.1018,0,0.510,3.0090,-31.1555,-9.6981,-32.4507,-30.4147,-8.4786,-22.8562,0.2114,0.1226,0.9697,0.0016,0.1771,0,0.837,-1.1757,2.8039,1.9196,1.4003,1.1004,0.436,3.2279,32.6603,-9.6851,-31.0838,34.4429,-8.7560,-21.5943,0.1108,0.0975,0.9891,0.0016,0.3805,0,0.780,5.6819,1.4795,1.9847,0.9820,1.8064,233.222408760,75,233.224841880,-0.60592,0.19252,0.77147,-0.02495
6912,233.245057760,466,15.600100477,2024-10-15T16:28:40.382090+02:00,13911,233.244956120,NA,0.475,769.2628,464.4979,F,0.1050,0,0.513,3.0133,-31.1563,-9.6981,-32.4465,-30.3884,-8.4824,-22.8537,0.2141,0.1222,0.9691,0.0016,0.1699,0,0.852,-1.1459,2.8044,1.8941,1.4117,1.0869,0.437,3.2837,32.6604,-9.6840,-31.0831,34.4388,-8.7347,-21.5949,0.1104,0.0995,0.9889,0.0017,0.1292,0,0.685,5.6710,1.5045,1.9802,0.9997,1.8084,233.232413600,75,233.233593360,-0.60601,0.19253,0.77140,-0.02495
6912,233.245057760,466,15.600100477,2024-10-15T16:28:40.382090+02:00,NA,NA,NA,NA,NA,NA,NA,NA,NA,NA,NA,NA,NA,NA,NA,NA,NA,NA,NA,NA,NA,NA,NA,NA,NA,NA,NA,NA,NA,NA,NA,NA,NA,NA,NA,NA,NA,NA,NA,NA,NA,NA,NA,NA,NA,NA,NA,NA,NA,233.242424680,75,233.243604440,-0.60612,0.19252,0.77132,-0.02489
6913,233.278383600,467,15.633428101,2024-10-15T16:28:40.415419+02:00,13912,233.261522280,NA,0.470,750.1446,457.1443,F,0.1025,0,0.513,3.0365,-31.1578,-9.7003,-32.4417,-30.2864,-8.4406,-22.8633,0.2246,0.1265,0.9662,0.0016,0.7056,0,0.761,-1.0422,2.8897,1.9156,1.4335,1.0475,0.427,3.2130,32.6585,-9.6817,-31.0832,34.5633,-8.6923,-21.6237,0.1235,0.1038,0.9869,0.0016,0.8439,0,0.618,5.7508,1.5147,1.9940,0.9492,1.7951,233.252426120,75,233.254859240,-0.60620,0.19251,0.77126,-0.02489
6913,233.278383600,467,15.633428101,2024-10-15T16:28:40.415419+02:00,13913,233.278088440,NA,0.467,759.6035,460.2322,F,0.1125,0,0.513,3.0526,-31.1589,-9.7014,-32.4376,-30.3063,-8.4523,-22.8562,0.2227,0.1255,0.9668,0.0017,0.1356,0,0.825,-1.0671,2.8710,1.9294,1.4387,1.0630,0.421,3.1232,32.6574,-9.6822,-31.0843,34.4483,-8.7021,-21.6016,0.1117,0.1028,0.9884,0.0018,0.7257,0,0.594,5.6943,1.5442,2.0002,0.9428,1.8177,233.262430960,75,233.264864080,-0.60623,0.19252,0.77123,-0.02489
6913,233.278383600,467,15.633428101,2024-10-15T16:28:40.415419+02:00,NA,NA,NA,NA,NA,NA,NA,NA,NA,NA,NA,NA,NA,NA,NA,NA,NA,NA,NA,NA,NA,NA,NA,NA,NA,NA,NA,NA,NA,NA,NA,NA,NA,NA,NA,NA,NA,NA,NA,NA,NA,NA,NA,NA,NA,NA,NA,NA,NA,233.272435800,75,233.274868920,-0.60624,0.19246,0.77124,-0.02490
6914,233.311709440,468,15.666751595,2024-10-15T16:28:40.448742+02:00,13914,233.294654600,NA,0.472,755.5671,457.1749,F,0.1058,0,0.510,2.9990,-31.1593,-9.7021,-32.4362,-30.3080,-8.4435,-22.8560,0.2225,0.1264,0.9667,0.0016,0.0594,0,0.790,-1.0777,2.8870,1.9244,1.4074,1.0735,0.434,3.2457,32.6569,-9.6811,-31.0840,34.5100,-8.6847,-21.6149,0.1182,0.1045,0.9875,0.0017,0.4094,0,0.596,5.7119,1.5395,1.9749,0.9693,1.8089,233.282443160,75,233.283622920,-0.60629,0.19239,0.77122,-0.02484
6914,233.311709440,468,15.666751595,2024-10-15T16:28:40.448742+02:00,13915,233.311220760,NA,0.465,756.6638,458.5242,F,0.1038,0,0.503,3.0078,-31.1585,-9.7006,-32.4389,-30.3211,-8.4570,-22.8554,0.2211,0.1250,0.9672,0.0016,0.1287,0,0.810,-1.0970,2.8715,1.9668,1.4050,1.1041,0.426,3.0792,32.6570,-9.6825,-31.0848,34.5162,-8.6911,-21.6164,0.1188,0.1040,0.9875,0.0016,0.0492,0,0.607,5.7289,1.5322,1.9374,0.9171,1.8242,233.292448200,76,233.294881320,-0.60627,0.19232,0.77125,-0.02485
6914,233.311709440,468,15.666751595,2024-10-15T16:28:40.448742+02:00,NA,NA,NA,NA,NA,NA,NA,NA,NA,NA,NA,NA,NA,NA,NA,NA,NA,NA,NA,NA,NA,NA,NA,NA,NA,NA,NA,NA,NA,NA,NA,NA,NA,NA,NA,NA,NA,NA,NA,NA,NA,NA,NA,NA,NA,NA,NA,NA,NA,233.302453040,76,233.304886160,-0.60628,0.19226,0.77126,-0.02480
6915,233.345035280,469,15.700079052,2024-10-15T16:28:40.482071+02:00,13916,233.327786920,NA,0.470,758.1792,458.6960,F,0.1057,0,0.505,2.9876,-31.1576,-9.6988,-32.4410,-30.3222,-8.4495,-22.8582,0.2209,0.1255,0.9672,0.0016,0.0375,0,0.791,-1.0952,2.8793,1.9459,1.3958,1.1060,0.435,3.2397,32.6570,-9.6820,-31.0845,34.4959,-8.6950,-21.6117,0.1167,0.1035,0.9878,0.0017,0.1320,0,0.635,5.7038,1.5319,1.9692,0.9711,1.8134,233.312460280,76,233.314893400,-0.60629,0.19220,0.77127,-0.02481
6915,233.345035280,469,15.700079052,2024-10-15T16:28:40.482071+02:00,13917,233.344353080,NA,0.470,758.8348,458.8287,F,0.1073,0,0.507,2.9759,-31.1571,-9.6972,-32.4423,-30.3196,-8.4493,-22.8594,0.2211,0.1254,0.9671,0.0017,0.0155,0,0.791,-1.0900,2.8785,1.9283,1.3923,1.1019,0.433,3.1983,32.6568,-9.6820,-31.0847,34.4824,-8.6924,-21.6096,0.1153,0.1038,0.9879,0.0017,0.0852,0,0.619,5.7016,1.5410,1.9782,0.9599,1.8164,233.322464000,76,233.324897160,-0.60629,0.19220,0.77127,-0.02481
6915,233.345035280,469,15.700079052,2024-10-15T16:28:40.482071+02:00,NA,NA,NA,NA,NA,NA,NA,NA,NA,NA,NA,NA,NA,NA,NA,NA,NA,NA,NA,NA,NA,NA,NA,NA,NA,NA,NA,NA,NA,NA,NA,NA,NA,NA,NA,NA,NA,NA,NA,NA,NA,NA,NA,NA,NA,NA,NA,NA,NA,233.332468840,76,233.333648640,-0.60635,0.19225,0.77121,-0.02474
6915,233.345035280,469,15.700079052,2024-10-15T16:28:40.482071+02:00,NA,NA,NA,NA,NA,NA,NA,NA,NA,NA,NA,NA,NA,NA,NA,NA,NA,NA,NA,NA,NA,NA,NA,NA,NA,NA,NA,NA,NA,NA,NA,NA,NA,NA,NA,NA,NA,NA,NA,NA,NA,NA,NA,NA,NA,NA,NA,NA,NA,233.342479920,76,233.343659720,-0.60645,0.19225,0.77113,-0.02474
6916,233.378361120,470,15.733406523,2024-10-15T16:28:40.515399+02:00,13918,233.360919240,NA,0.471,761.6117,455.4430,F,0.1052,0,0.512,3.0224,-31.1569,-9.6937,-32.4396,-30.3447,-8.4171,-22.8583,0.2186,0.1283,0.9673,0.0016,0.2384,0,0.713,-1.1023,2.9029,1.8991,1.4169,1.1103,0.430,3.0795,32.6579,-9.6844,-31.0854,34.4786,-8.6848,-21.6103,0.1148,0.1048,0.9878,0.0017,0.0690,0,0.565,5.7025,1.5515,1.9144,0.9240,1.8354,233.352481440,76,233.354914600,-0.60663,0.19225,0.77099,-0.02474
6916,233.378361120,470,15.733406523,2024-10-15T16:28:40.515399+02:00,13919,233.377485400,NA,0.463,757.6189,454.6189,F,0.1034,0,0.503,2.9729,-31.1572,-9.6960,-32.4404,-30.3282,-8.4464,-22.8570,0.2203,0.1256,0.9673,0.0016,0.1987,0,0.806,-1.1051,2.8797,1.9420,1.3869,1.0692,0.423,3.2257,32.6548,-9.6793,-31.0844,34.5099,-8.6467,-21.6196,0.1184,0.1082,0.9871,0.0016,0.3036,0,0.467,5.7075,1.5858,1.9588,0.9602,1.7830,233.362486280,76,233.364919440,-0.60673,0.19225,0.77091,-0.02474
6916,233.378361120,470,15.733406523,2024-10-15T16:28:40.515399+02:00,NA,NA,NA,NA,NA,NA,NA,NA,NA,NA,NA,NA,NA,NA,NA,NA,NA,NA,NA,NA,NA,NA,NA,NA,NA,NA,NA,NA,NA,NA,NA,NA,NA,NA,NA,NA,NA,NA,NA,NA,NA,NA,NA,NA,NA,NA,NA,NA,NA,233.372491120,76,233.374924280,-0.60689,0.19219,0.77080,-0.02481
6917,233.411686960,471,15.766731161,2024-10-15T16:28:40.548725+02:00,13920,233.394051560,NA,0.459,763.8653,458.0281,F,0.1082,0,0.504,2.9758,-31.1566,-9.6951,-32.4424,-30.3459,-8.4395,-22.8582,0.2184,0.1262,0.9677,0.0017,0.1201,0,0.822,-1.1201,2.8831,1.9400,1.3855,1.0988,0.415,3.0342,32.6564,-9.6836,-31.0859,34.4465,-8.6895,-21.6045,0.1116,0.1042,0.9883,0.0017,0.4814,0,0.611,5.6926,1.5584,1.9411,0.9151,1.8476,233.382498360,76,233.383678160,-0.60702,0.19215,0.77070,-0.02488
6917,233.411686960,471,15.766731161,2024-10-15T16:28:40.548725+02:00,13921,233.410617720,NA,0.461,764.1124,458.6429,F,0.1046,0,0.508,3.0159,-31.1563,-9.6940,-32.4426,-30.3605,-8.4458,-22.8563,0.2169,0.1255,0.9681,0.0016,0.1041,0,0.778,-1.1293,2.8670,1.9439,1.4060,1.0993,0.414,3.1369,32.6544,-9.6831,-31.0872,34.4646,-8.6954,-21.6089,0.1137,0.1036,0.9881,0.0017,0.1321,0,0.580,5.7027,1.5470,2.0314,0.9428,1.8102,233.392503400,76,233.393683200,-0.60713,0.19215,0.77062,-0.02488
6917,233.411686960,471,15.766731161,2024-10-15T16:28:40.548725+02:00,NA,NA,NA,NA,NA,NA,NA,NA,NA,NA,NA,NA,NA,NA,NA,NA,NA,NA,NA,NA,NA,NA,NA,NA,NA,NA,NA,NA,NA,NA,NA,NA,NA,NA,NA,NA,NA,NA,NA,NA,NA,NA,NA,NA,NA,NA,NA,NA,NA,233.402508440,76,233.404941600,-0.60724,0.19215,0.77054,-0.02488
6918,233.445012800,472,15.800056736,2024-10-15T16:28:40.582050+02:00,13922,233.427183880,NA,0.470,764.8398,454.9961,F,0.1064,0,0.504,2.9787,-31.1556,-9.6924,-32.4446,-30.3584,-8.4383,-22.8591,0.2171,0.1261,0.9680,0.0017,0.0380,0,0.839,-1.1303,2.8797,1.9374,1.3855,1.1068,0.435,3.2853,32.6558,-9.6840,-31.0867,34.4503,-8.6544,-21.6099,0.1120,0.1079,0.9878,0.0017,0.2786,0,0.490,5.6658,1.5933,1.9715,0.9911,1.8324,233.412515840,76,233.415074200,-0.60730,0.19215,0.77048,-0.02488
6918,233.445012800,472,15.800056736,2024-10-15T16:28:40.582050+02:00,13923,233.443750040,NA,0.469,762.5815,456.6032,F,0.1043,0,0.504,2.9865,-31.1548,-9.6909,-32.4467,-30.3517,-8.4505,-22.8599,0.2177,0.1247,0.9680,0.0016,0.0929,0,0.792,-1.1226,2.8662,1.9452,1.3909,1.1071,0.434,3.1991,32.6554,-9.6834,-31.0867,34.4763,-8.6639,-21.6139,0.1148,0.1068,0.9876,0.0017,0.1779,0,0.592,5.6915,1.5763,1.9672,0.9591,1.8163,233.422523800,76,233.424956960,-0.60741,0.19214,0.77040,-0.02482
6918,233.445012800,472,15.800056736,2024-10-15T16:28:40.582050+02:00,NA,NA,NA,NA,NA,NA,NA,NA,NA,NA,NA,NA,NA,NA,NA,NA,NA,NA,NA,NA,NA,NA,NA,NA,NA,NA,NA,NA,NA,NA,NA,NA,NA,NA,NA,NA,NA,NA,NA,NA,NA,NA,NA,NA,NA,NA,NA,NA,NA,233.432527560,76,233.434834960,-0.60748,0.19215,0.77035,-0.02482
6918,233.445012800,472,15.800056736,2024-10-15T16:28:40.582050+02:00,NA,NA,NA,NA,NA,NA,NA,NA,NA,NA,NA,NA,NA,NA,NA,NA,NA,NA,NA,NA,NA,NA,NA,NA,NA,NA,NA,NA,NA,NA,NA,NA,NA,NA,NA,NA,NA,NA,NA,NA,NA,NA,NA,NA,NA,NA,NA,NA,NA,233.442534800,76,233.444967960,-0.60755,0.19219,0.77028,-0.02481
6919,233.478338680,473,15.833387932,2024-10-15T16:28:40.615382+02:00,13924,233.460316200,NA,0.465,764.6577,456.4274,F,0.1051,0,0.499,2.9445,-31.1554,-9.6952,-32.4474,-30.3616,-8.4469,-22.8609,0.2167,0.1255,0.9681,0.0016,0.0752,0,0.833,-1.1377,2.8669,1.9329,1.3669,1.0572,0.430,3.2073,32.6537,-9.6815,-31.0868,34.4571,-8.6658,-21.6102,0.1130,0.1064,0.9879,0.0017,0.1136,0,0.697,5.6831,1.5817,1.9943,0.9646,1.8060,233.452536240,76,233.454969360,-0.60757,0.19227,0.77024,-0.02486
6919,233.478338680,473,15.833387932,2024-10-15T16:28:40.615382+02:00,13925,233.476882360,NA,0.462,764.8224,456.7992,F,0.1091,0,0.495,2.9353,-31.1557,-9.6993,-32.4498,-30.3479,-8.4435,-22.8654,0.2181,0.1262,0.9677,0.0017,0.0997,0,0.820,-1.1249,2.8781,1.9462,1.3612,1.0603,0.429,3.2015,32.6555,-9.6848,-31.0875,34.4347,-8.6743,-21.6057,0.1104,0.1059,0.9882,0.0017,0.1578,0,0.753,5.6700,1.5772,1.9872,0.9679,1.8455,233.462541080,76,233.464974200,-0.60756,0.19233,0.77023,-0.02491
6919,233.478338680,473,15.833387932,2024-10-15T16:28:40.615382+02:00,NA,NA,NA,NA,NA,NA,NA,NA,NA,NA,NA,NA,NA,NA,NA,NA,NA,NA,NA,NA,NA,NA,NA,NA,NA,NA,NA,NA,NA,NA,NA,NA,NA,NA,NA,NA,NA,NA,NA,NA,NA,NA,NA,NA,NA,NA,NA,NA,NA,233.472545920,76,233.474979040,-0.60757,0.19240,0.77020,-0.02491
6920,233.511664520,474,15.866712887,2024-10-15T16:28:40.648707+02:00,13926,233.493448520,NA,0.465,762.4005,454.5807,F,0.1058,0,0.501,2.9498,-31.1552,-9.6999,-32.4522,-30.3460,-8.4427,-22.8681,0.2183,0.1264,0.9677,0.0016,0.0126,0,0.769,-1.1152,2.8783,1.9360,1.3710,1.0885,0.430,3.3313,32.6579,-9.6855,-31.0861,34.4705,-8.6552,-21.6128,0.1139,0.1080,0.9876,0.0017,0.2478,0,0.658,5.6682,1.5830,1.9418,1.0039,1.8334,233.482552960,76,233.484108960,-0.60757,0.19247,0.77019,-0.02496
6920,233.511664520,474,15.866712887,2024-10-15T16:28:40.648707+02:00,13927,233.510014680,NA,0.468,761.2674,453.7821,F,0.1017,0,0.503,2.9720,-31.1551,-9.7010,-32.4534,-30.3544,-8.4364,-22.8696,0.2174,0.1271,0.9678,0.0016,0.0702,0,0.837,-1.1195,2.8809,1.9396,1.3810,1.0805,0.433,3.1605,32.6598,-9.6867,-31.0852,34.5028,-8.6607,-21.6173,0.1171,0.1076,0.9873,0.0016,0.1937,0,0.607,5.6980,1.5680,1.8717,0.9453,1.8331,233.492559760,77,233.494992920,-0.60756,0.19253,0.77018,-0.02501
6920,233.511664520,474,15.866712887,2024-10-15T16:28:40.648707+02:00,NA,NA,NA,NA,NA,NA,NA,NA,NA,NA,NA,NA,NA,NA,NA,NA,NA,NA,NA,NA,NA,NA,NA,NA,NA,NA,NA,NA,NA,NA,NA,NA,NA,NA,NA,NA,NA,NA,NA,NA,NA,NA,NA,NA,NA,NA,NA,NA,NA,233.502564600,77,233.504997760,-0.60756,0.19253,0.77018,-0.02501
6921,233.544990360,475,15.900037228,2024-10-15T16:28:40.682027+02:00,13928,233.526580840,NA,0.472,763.2660,457.4817,F,0.1058,0,0.509,2.9922,-31.1555,-9.7017,-32.4524,-30.3504,-8.4410,-22.8685,0.2179,0.1267,0.9677,0.0016,0.0365,0,0.712,-1.1088,2.8725,1.9215,1.3964,1.0780,0.436,3.2189,32.6598,-9.6863,-31.0850,34.4673,-8.6946,-21.6066,0.1134,0.1040,0.9881,0.0017,0.3139,0,0.578,5.6881,1.5430,1.9650,0.9701,1.8156,233.512571960,77,233.515005120,-0.60756,0.19253,0.77018,-0.02501
6921,233.544990360,475,15.900037228,2024-10-15T16:28:40.682027+02:00,13929,233.543147000,NA,0.467,763.5696,456.5529,F,0.1045,0,0.499,2.9691,-31.1552,-9.7036,-32.4549,-30.3572,-8.4544,-22.8688,0.2172,0.1256,0.9680,0.0016,0.0859,0,0.822,-1.1260,2.8597,1.9564,1.3780,1.0805,0.434,3.1907,32.6590,-9.6847,-31.0846,34.4725,-8.6725,-21.6096,0.1140,0.1061,0.9878,0.0017,0.1349,0,0.646,5.6896,1.5678,1.9446,0.9589,1.8092,233.522576800,77,233.525009960,-0.60756,0.19253,0.77018,-0.02501
6921,233.544990360,475,15.900037228,2024-10-15T16:28:40.682027+02:00,NA,NA,NA,NA,NA,NA,NA,NA,NA,NA,NA,NA,NA,NA,NA,NA,NA,NA,NA,NA,NA,NA,NA,NA,NA,NA,NA,NA,NA,NA,NA,NA,NA,NA,NA,NA,NA,NA,NA,NA,NA,NA,NA,NA,NA,NA,NA,NA,NA,233.532580560,77,233.535013680,-0.60756,0.19253,0.77018,-0.02501
6921,233.544990360,475,15.900037228,2024-10-15T16:28:40.682027+02:00,NA,NA,NA,NA,NA,NA,NA,NA,NA,NA,NA,NA,NA,NA,NA,NA,NA,NA,NA,NA,NA,NA,NA,NA,NA,NA,NA,NA,NA,NA,NA,NA,NA,NA,NA,NA,NA,NA,NA,NA,NA,NA,NA,NA,NA,NA,NA,NA,NA,233.542591440,77,NA,NA,NA,NA,NA
6922,233.578316200,476,15.933361700,2024-10-15T16:28:40.715356+02:00,13930,233.559713160,NA,0.470,768.1674,459.5573,F,0.1127,0,0.506,2.9766,-31.1553,-9.7043,-32.4551,-30.3533,-8.4406,-22.8713,0.2176,0.1270,0.9677,0.0018,0.0949,0,0.743,-1.1132,2.8739,1.9276,1.3859,1.0812,0.434,3.2220,32.6598,-9.6864,-31.0850,34.3984,-8.7109,-21.5921,0.1062,0.1023,0.9891,0.0018,0.5309,0,0.680,5.6530,1.5478,1.9979,0.9844,1.8315,233.552592800,77,233.545024560,-0.60752,0.19254,0.77021,-0.02501
6922,233.578316200,476,15.933361700,2024-10-15T16:28:40.715356+02:00,13931,233.576279320,NA,0.464,765.3010,452.5739,F,0.1034,0,0.504,2.9801,-31.1545,-9.7025,-32.4567,-30.3721,-8.4317,-22.8722,0.2156,0.1278,0.9681,0.0016,0.1304,0,0.788,-1.1312,2.8802,1.9330,1.3832,1.1076,0.423,3.3671,32.6626,-9.6867,-31.0829,34.4715,-8.6488,-21.6098,0.1135,0.1088,0.9876,0.0016,0.5979,0,0.694,5.6640,1.5894,1.9249,1.0166,1.8336,233.562597640,77,233.555025920,-0.60745,0.19254,0.77027,-0.02501
6922,233.578316200,476,15.933361700,2024-10-15T16:28:40.715356+02:00,NA,NA,NA,NA,NA,NA,NA,NA,NA,NA,NA,NA,NA,NA,NA,NA,NA,NA,NA,NA,NA,NA,NA,NA,NA,NA,NA,NA,NA,NA,NA,NA,NA,NA,NA,NA,NA,NA,NA,NA,NA,NA,NA,NA,NA,NA,NA,NA,NA,233.572602480,77,233.565030760,-0.60745,0.19254,0.77027,-0.02501
6922,233.578316200,476,15.933361700,2024-10-15T16:28:40.715356+02:00,NA,NA,NA,NA,NA,NA,NA,NA,NA,NA,NA,NA,NA,NA,NA,NA,NA,NA,NA,NA,NA,NA,NA,NA,NA,NA,NA,NA,NA,NA,NA,NA,NA,NA,NA,NA,NA,NA,NA,NA,NA,NA,NA,NA,NA,NA,NA,NA,NA,NA,NA,233.575287040,-0.60745,0.19254,0.77027,-0.02501
6923,233.611642040,477,15.966685882,2024-10-15T16:28:40.748679+02:00,13932,233.592845480,NA,0.463,770.6126,460.3436,F,0.1120,0,0.501,2.9733,-31.1535,-9.7014,-32.4595,-30.3686,-8.4515,-22.8724,0.2158,0.1256,0.9683,0.0017,0.1320,0,0.838,-1.1307,2.8583,1.9473,1.3796,1.1068,0.426,3.1807,32.6644,-9.6907,-31.0838,34.3928,-8.7119,-21.5894,0.1052,0.1026,0.9892,0.0018,0.6358,0,0.622,5.6556,1.5497,1.9957,0.9725,1.8482,233.582608920,77,233.584916840,-0.60745,0.19254,0.77026,-0.02507
6923,233.611642040,477,15.966685882,2024-10-15T16:28:40.748679+02:00,13933,233.609411640,NA,0.465,769.1064,457.7216,F,0.1119,0,0.500,2.9527,-31.1529,-9.7023,-32.4620,-30.3603,-8.4392,-22.8773,0.2166,0.1270,0.9680,0.0017,0.0962,0,0.772,-1.1219,2.8758,1.9406,1.3689,1.0873,0.430,3.2186,32.6664,-9.6941,-31.0842,34.4041,-8.6967,-21.5934,0.1061,0.1045,0.9888,0.0018,0.1314,0,0.616,5.6551,1.5629,1.9894,0.9819,1.8477,233.592610640,77,233.595043760,-0.60749,0.19254,0.77023,-0.02513
6923,233.611642040,477,15.966685882,2024-10-15T16:28:40.748679+02:00,NA,NA,NA,NA,NA,NA,NA,NA,NA,NA,NA,NA,NA,NA,NA,NA,NA,NA,NA,NA,NA,NA,NA,NA,NA,NA,NA,NA,NA,NA,NA,NA,NA,NA,NA,NA,NA,NA,NA,NA,NA,NA,NA,NA,NA,NA,NA,NA,NA,233.602615480,77,233.605048600,-0.60751,0.19255,0.77021,-0.02507
6924,233.644967840,478,16.000009731,2024-10-15T16:28:40.782004+02:00,13934,233.625977800,NA,0.467,768.9753,453.1761,F,0.1057,0,0.504,2.9867,-31.1520,-9.7004,-32.4637,-30.3827,-8.4247,-22.8788,0.2142,0.1283,0.9683,0.0016,0.1651,0,0.742,-1.1362,2.8836,1.9382,1.3836,1.1092,0.431,3.2988,32.6693,-9.6971,-31.0837,34.4426,-8.6667,-21.6030,0.1098,0.1080,0.9881,0.0017,0.3089,0,0.604,5.6638,1.5826,1.9722,0.9992,1.8504,233.612622560,77,233.615055680,-0.60750,0.19261,0.77020,-0.02512
6924,233.644967840,478,16.000009731,2024-10-15T16:28:40.782004+02:00,13935,233.642543960,NA,0.467,773.3162,455.1097,F,0.1103,0,0.506,2.9972,-31.1519,-9.7002,-32.4640,-30.3910,-8.4230,-22.8786,0.2134,0.1284,0.9685,0.0017,0.0531,0,0.870,-1.1422,2.8802,1.9338,1.3887,1.0906,0.428,3.2228,32.6724,-9.7016,-31.0841,34.3936,-8.6882,-21.5919,0.1044,0.1062,0.9888,0.0017,0.3486,0,0.677,5.6459,1.5766,1.9787,0.9853,1.8594,233.622627400,77,233.625185280,-0.60757,0.19262,0.77015,-0.02512
6924,233.644967840,478,16.000009731,2024-10-15T16:28:40.782004+02:00,NA,NA,NA,NA,NA,NA,NA,NA,NA,NA,NA,NA,NA,NA,NA,NA,NA,NA,NA,NA,NA,NA,NA,NA,NA,NA,NA,NA,NA,NA,NA,NA,NA,NA,NA,NA,NA,NA,NA,NA,NA,NA,NA,NA,NA,NA,NA,NA,NA,233.632634880,77,233.634942320,-0.60756,0.19268,0.77014,-0.02518
6924,233.644967840,478,16.000009731,2024-10-15T16:28:40.782004+02:00,NA,NA,NA,NA,NA,NA,NA,NA,NA,NA,NA,NA,NA,NA,NA,NA,NA,NA,NA,NA,NA,NA,NA,NA,NA,NA,NA,NA,NA,NA,NA,NA,NA,NA,NA,NA,NA,NA,NA,NA,NA,NA,NA,NA,NA,NA,NA,NA,NA,233.642641040,77,NA,NA,NA,NA,NA
